short_name_en,iso3c,regex,short_name_zh_cn,short_name_zh_hk,short_name_zh_mo,short_name_zh_my,short_name_zh_sg,short_name_zh_tw,full_name_zh_cn,full_name_zh_hk,full_name_zh_mo,full_name_zh_my,full_name_zh_sg,full_name_zh_tw
Abkhazia,NA,阿(布哈|柏克)兹,阿布哈兹,阿布哈茲,阿布哈茲,阿布哈兹,阿布哈兹,阿布哈茲,阿布哈兹共和国,阿布哈茲共和國,阿布哈茲共和國,阿布哈兹共和国,阿布哈兹共和国,阿布哈茲共和國
Afghanistan,AFG,阿富汗,阿富汗,阿富汗,阿富汗,阿富汗,阿富汗,阿富汗,阿富汗,阿富汗,阿富汗,阿富汗,阿富汗,阿富汗
Albania,ALB,阿尔巴尼亚,阿尔巴尼亚,阿爾巴尼亞,阿爾巴尼亞,阿尔巴尼亚,阿尔巴尼亚,阿爾巴尼亞,阿尔巴尼亚共和国,阿爾巴尼亞共和國,阿爾巴尼亞共和國,阿尔巴尼亚共和国,阿尔巴尼亚共和国,阿爾巴尼亞共和國
Algeria,DZA,阿尔及利亚,阿尔及利亚,阿爾及利亞,阿爾及利亞,阿尔及利亚,阿尔及利亚,阿爾及利亞,阿尔及利亚民主人民共和国,阿爾及利亞民主人民共和國,阿爾及利亞民主人民共和國,阿尔及利亚民主人民共和国,阿尔及利亚民主人民共和国,阿爾及利亞民主人民共和國
Andorra,AND,安道尔,安道尔,安道爾,安道爾,安道尔,安道尔,安道爾,安道尔公国,安道爾公國,安道爾公國,安道尔公国,安道尔公国,安道爾侯國
Angola,AGO,安哥拉,安哥拉,安哥拉,安哥拉,安哥拉,安哥拉,安哥拉,安哥拉共和国,安哥拉共和國,安哥拉共和國,安哥拉共和国,安哥拉共和国,安哥拉共和國
Antigua and Barbuda,ATG,"安(地卡|提瓜).{0,2}巴布达|安巴",安提瓜和巴布达,安提瓜和巴布達,安提瓜和巴布達,安提瓜和巴布达,安提瓜和巴布达,安地卡及巴布達,安提瓜和巴布达,安提瓜和巴布達,安提瓜和巴布達,安提瓜和巴布达,安提瓜和巴布达,安地卡及巴布達
Argentina,ARG,阿根廷,阿根廷,阿根廷,阿根廷,阿根廷,阿根廷,阿根廷,阿根廷共和国,阿根廷共和國,阿根廷共和國,阿根廷共和国,阿根廷共和国,阿根廷共和國
Armenia,ARM,亚美尼亚,亚美尼亚,亞美尼亞,亞美尼亞,亚美尼亚,亚美尼亚,亞美尼亞,亚美尼亚共和国,亞美尼亞共和國,亞美尼亞共和國,亚美尼亚共和国,亚美尼亚共和国,亞美尼亞共和國
Artsakh,NA,阿尔察赫,阿尔察赫共和国,阿爾察赫共和國,阿爾察赫共和國,阿尔察赫共和国,阿尔察赫共和国,阿爾察赫共和國,阿尔察赫共和国,阿爾察赫共和國,阿爾察赫共和國,阿尔察赫共和国,阿尔察赫共和国,阿爾察赫共和國
Australia,AUS,澳(大利亚|洲),澳大利亚,澳洲,澳洲,澳大利亚,澳大利亚,澳洲,澳大利亚联邦,澳大利亞聯邦,澳大利亞聯邦,澳大利亚联邦,澳大利亚联邦,澳大利亞聯邦
Austria,AUT,奥地利,奥地利,奧地利,奧地利,奥地利,奥地利,奧地利,奥地利共和国,奧地利共和國,奧地利共和國,奥地利共和国,奥地利共和国,奧地利共和國
Azerbaijan,AZE,(亚|阿)塞拜(然|疆),阿塞拜疆,阿塞拜疆,阿塞拜疆,阿塞拜疆,阿塞拜疆,亞塞拜然,阿塞拜疆共和国,阿塞拜疆共和國,阿塞拜疆共和國,阿塞拜疆共和国,阿塞拜疆共和国,亞塞拜然共和國
Bahamas,BHS,巴哈马,巴哈马,巴哈馬,巴哈馬,巴哈马,巴哈马,巴哈馬,巴哈马国,巴哈馬國,巴哈馬國,巴哈马国,巴哈马国,巴哈馬國
Bahrain,BHR,巴林,巴林,巴林,巴林,巴林,巴林,巴林,巴林王国,巴林王國,巴林王國,巴林王国,巴林王国,巴林王國
Bangladesh,BGD,孟加拉,孟加拉国,孟加拉,孟加拉,孟加拉,孟加拉,孟加拉,孟加拉人民共和国,孟加拉人民共和國,孟加拉人民共和國,孟加拉人民共和国,孟加拉人民共和国,孟加拉人民共和國
Barbados,BRB,巴(贝|巴)多,巴巴多斯,巴巴多斯,巴巴多斯,巴巴多斯,巴巴多斯,巴貝多,巴巴多斯,巴巴多斯,巴巴多斯,巴巴多斯,巴巴多斯,巴貝多
Belarus,BLR,白俄,白俄罗斯,白俄羅斯,白俄羅斯,白俄罗斯,白俄罗斯,白俄羅斯,白俄罗斯共和国,白俄羅斯共和國,白俄羅斯共和國,白俄罗斯共和国,白俄罗斯共和国,白俄羅斯共和國
Belgium,BEL,比利时,比利时,比利時,比利時,比利时,比利时,比利時,比利时王国,比利時王國,比利時王國,比利时王国,比利时王国,比利時王國
Belize,BLZ,贝里斯|伯利兹,伯利兹,伯利茲,伯利茲,伯利兹,伯利兹,貝里斯,伯利兹,伯利茲,伯利茲,伯利兹,伯利兹,貝里斯
Benin,BEN,贝(南|宁)|达荷美,贝宁,貝寧,貝寧,贝宁,贝宁,貝南,贝宁共和国,貝寧共和國,貝寧共和國,贝宁共和国,贝宁共和国,貝南共和國
Bhutan,BTN,不丹,不丹,不丹,不丹,不丹,不丹,不丹,不丹王国,不丹王國,不丹王國,不丹王国,不丹王国,不丹王國
Bolivia,BOL,玻利维亚,玻利维亚,玻利維亞,玻利維亞,玻利维亚,玻利维亚,玻利維亞,多民族玻利维亚国,多民族玻利維亞國,多民族玻利維亞國,多民族玻利维亚国,多民族玻利维亚国,玻利維亞多民族國
Bosnia and Herzegovina,BIH,波(黑|赫)|波(士|斯)尼亚,波斯尼亚和黑塞哥维那,波斯尼亞和黑塞哥維那,波斯尼亞和黑塞哥維那,波斯尼亚和黑塞哥维那,波斯尼亚和黑塞哥维那,波士尼亞與赫塞哥維納,波斯尼亚和黑塞哥维那,波斯尼亞和黑塞哥維那,波斯尼亞和黑塞哥維那,波斯尼亚和黑塞哥维那,波斯尼亚和黑塞哥维那,波士尼亞與赫塞哥維納
Botswana,BWA,波札那|博茨瓦纳,博茨瓦纳,博茨瓦納,博茨瓦納,博茨瓦纳,博茨瓦纳,波札那,博茨瓦纳共和国,博茨瓦納共和國,博茨瓦納共和國,博茨瓦纳共和国,博茨瓦纳共和国,波札那共和國
Brazil,BRA,巴西,巴西,巴西,巴西,巴西,巴西,巴西,巴西联邦共和国,巴西聯邦共和國,巴西聯邦共和國,巴西联邦共和国,巴西联邦共和国,巴西聯邦共和國
Brunei,BRN,(汶|文)莱,文莱,汶萊,汶萊,汶莱,汶莱,汶萊,文莱达鲁萨兰国,汶萊達魯薩蘭國,汶萊達魯薩蘭國,汶莱达鲁萨兰国,汶莱达鲁萨兰国,汶萊和平之國
Bulgaria,BGR,保加利亚,保加利亚,保加利亞,保加利亞,保加利亚,保加利亚,保加利亞,保加利亚共和国,保加利亞共和國,保加利亞共和國,保加利亚共和国,保加利亚共和国,保加利亞共和國
Burkina Faso,BFA,布(吉|基)纳法索,布基纳法索,布基納法索,布基納法索,布基纳法索,布基纳法索,布吉納法索,布基纳法索,布基納法索,布基納法索,布基纳法索,布基纳法索,布吉納法索
Burundi,BDI,蒲隆地|布隆迪,布隆迪,布隆迪,布隆迪,布隆迪,布隆迪,蒲隆地,布隆迪共和国,布隆迪共和國,布隆迪共和國,布隆迪共和国,布隆迪共和国,蒲隆地共和國
Cabo Verde,CPV,(维德|佛得)角,佛得角,維德角,維德角,佛得角,佛得角,維德角,佛得角共和国,維德角共和國,維德角共和國,佛得角共和国,佛得角共和国,維德角共和國
Cambodia,KHM,柬埔寨,柬埔寨,柬埔寨,柬埔寨,柬埔寨,柬埔寨,柬埔寨,柬埔寨王国,柬埔寨王國,柬埔寨王國,柬埔寨王国,柬埔寨王国,柬埔寨王國
Cameroon,CMR,喀麦隆,喀麦隆,喀麥隆,喀麥隆,喀麦隆,喀麦隆,喀麥隆,喀麦隆共和国,喀麥隆共和國,喀麥隆共和國,喀麦隆共和国,喀麦隆共和国,喀麥隆共和國
Canada,CAN,加拿大,加拿大,加拿大,加拿大,加拿大,加拿大,加拿大,加拿大,加拿大,加拿大,加拿大,加拿大,加拿大
Central African Republic,CAF,中非,中非共和国,中非共和國,中非共和國,中非共和国,中非共和国,中非共和國,中非共和国,中非共和國,中非共和國,中非共和国,中非共和国,中非共和國
Chad,TCD,查德|乍得,乍得,乍得,乍得,乍得,乍得,查德,乍得共和国,乍得共和國,乍得共和國,乍得共和国,乍得共和国,查德共和國
Chile,CHL,智利,智利,智利,智利,智利,智利,智利,智利共和国,智利共和國,智利共和國,智利共和国,智利共和国,智利共和國
China,CHN,中国|中华人民共和国,中华人民共和国,中華人民共和國,中華人民共和國,中华人民共和国,中华人民共和国,中華人民共和國,中华人民共和国,中華人民共和國,中華人民共和國,中华人民共和国,中华人民共和国,中華人民共和國
Colombia,COL,哥伦比亚,哥伦比亚,哥倫比亞,哥倫比亞,哥伦比亚,哥伦比亚,哥倫比亞,哥伦比亚共和国,哥倫比亞共和國,哥倫比亞共和國,哥伦比亚共和国,哥伦比亚共和国,哥倫比亞共和國
Comoros,COM,(葛|科)摩,科摩罗,科摩羅,科摩羅,科摩罗,科摩罗,葛摩,科摩罗联盟,科摩羅聯盟,科摩羅聯盟,科摩罗联盟,科摩罗联盟,葛摩聯盟
Congo (Brazzaville),COG,刚果共和国|布拉(萨|柴维尔).*刚果|刚果.*布拉(萨|柴维尔)|刚果.布,刚果共和国,剛果共和國,剛果共和國,刚果共和国,刚果共和国,剛果共和國,刚果共和国,剛果共和國,剛果共和國,刚果共和国,刚果共和国,剛果共和國
Congo (Kinshasa),COD,刚果民主共和国|民主刚果|金(沙萨|夏沙).*刚果|刚果.*金(沙萨|夏沙)|刚果.金,刚果民主共和国,剛果民主共和國,剛果民主共和國,刚果民主共和国,刚果民主共和国,剛果民主共和國,刚果民主共和国,剛果民主共和國,剛果民主共和國,刚果民主共和国,刚果民主共和国,剛果民主共和國
Cook Islands,COK,库克群岛,库克群岛,庫克群島,庫克群島,库克群岛,库克群岛,庫克群島,库克群岛,庫克群島,庫克群島,库克群岛,库克群岛,庫克群島
Costa Rica,CRI,哥斯(大|达)黎加,哥斯达黎加,哥斯達黎加,哥斯達黎加,哥斯达黎加,哥斯达黎加,哥斯大黎加,哥斯达黎加共和国,哥斯達黎加共和國,哥斯達黎加共和國,哥斯达黎加共和国,哥斯达黎加共和国,哥斯大黎加共和國
Côte d'Ivoire,CIV,象牙海岸|科特迪瓦,科特迪瓦,科特迪瓦,科特迪瓦,象牙海岸,象牙海岸,象牙海岸,科特迪瓦共和国,科特迪瓦共和國,科特迪瓦共和國,象牙海岸共和国,象牙海岸共和国,象牙海岸共和國
Croatia,HRV,克罗(埃|地)西?亚,克罗地亚,克羅地亞,克羅地亞,克罗地亚,克罗地亚,克羅埃西亞,克罗地亚共和国,克羅地亞共和國,克羅地亞共和國,克罗地亚共和国,克罗地亚共和国,克羅埃西亞共和國
Cuba,CUB,古巴,古巴,古巴,古巴,古巴,古巴,古巴,古巴共和国,古巴共和國,古巴共和國,古巴共和国,古巴共和国,古巴共和國
Cyprus,CYP,(?<!北)(赛|塞)(普勒|浦路)斯,塞浦路斯,塞浦路斯,塞浦路斯,塞浦路斯,塞浦路斯,賽普勒斯,塞浦路斯共和国,塞浦路斯共和國,塞浦路斯共和國,塞浦路斯共和国,塞浦路斯共和国,賽普勒斯共和國
Czechia,CZE,捷克,捷克,捷克,捷克,捷克,捷克,捷克,捷克共和国,捷克共和國,捷克共和國,捷克共和国,捷克共和国,捷克共和國
Denmark,DNK,丹麦,丹麦,丹麥,丹麥,丹麦,丹麦,丹麥,丹麦,丹麥,丹麥,丹麦,丹麦,丹麥
Djibouti,DJI,吉布(地|提),吉布提,吉布提,吉布提,吉布提,吉布提,吉布地,吉布提共和国,吉布提共和國,吉布提共和國,吉布提共和国,吉布提共和国,吉布地共和國
Dominica,DMA,多米尼克,多米尼克,多米尼克,多米尼克,多米尼克,多米尼克,多米尼克,多米尼克国,多米尼克國,多米尼克國,多米尼克国,多米尼克国,多米尼克國
Dominican Republic,DOM,多(明|米)尼加,多米尼加,多明尼加,多明尼加,多米尼加,多米尼加,多明尼加,多米尼加共和国,多米尼加共和國,多米尼加共和國,多米尼加共和国,多米尼加共和国,多米尼加共和國
Donetsk,NA,顿(内次|涅茨)克,顿涅茨克人民共和国,頓涅茨克人民共和國,頓涅茨克人民共和國,顿涅茨克人民共和国,顿涅茨克人民共和国,頓內次克人民共和國,顿涅茨克人民共和国,頓涅茨克人民共和國,頓涅茨克人民共和國,顿涅茨克人民共和国,顿涅茨克人民共和国,頓內次克人民共和國
Ecuador,ECU,厄瓜多,厄瓜多尔,厄瓜多爾,厄瓜多爾,厄瓜多尔,厄瓜多尔,厄瓜多,厄瓜多尔共和国,厄瓜多爾共和國,厄瓜多爾共和國,厄瓜多尔共和国,厄瓜多尔共和国,厄瓜多共和國
Egypt,EGY,埃及,埃及,埃及,埃及,埃及,埃及,埃及,阿拉伯埃及共和国,阿拉伯埃及共和國,阿拉伯埃及共和國,阿拉伯埃及共和国,阿拉伯埃及共和国,埃及阿拉伯共和國
El Salvador,SLV,萨尔瓦多,萨尔瓦多,薩爾瓦多,薩爾瓦多,萨尔瓦多,萨尔瓦多,薩爾瓦多,萨尔瓦多共和国,薩爾瓦多共和國,薩爾瓦多共和國,萨尔瓦多共和国,萨尔瓦多共和国,薩爾瓦多共和國
Equatorial Guinea,GNQ,赤(几|畿)|赤道(几|畿)内亚,赤道几内亚,赤道畿內亞,赤道畿內亞,赤道几内亚,赤道几内亚,赤道幾內亞,赤道几内亚共和国,赤道畿內亞共和國,赤道畿內亞共和國,赤道几内亚共和国,赤道几内亚共和国,赤道幾內亞共和國
Eritrea,ERI,厄(利垂|立特里)亚,厄立特里亚,厄立特里亞,厄立特里亞,厄立特里亚,厄立特里亚,厄利垂亞,厄立特里亚国,厄立特里亞國,厄立特里亞國,厄立特里亚国,厄立特里亚国,厄利垂亞國
Estonia,EST,爱沙尼亚,爱沙尼亚,愛沙尼亞,愛沙尼亞,爱沙尼亚,爱沙尼亚,愛沙尼亞,爱沙尼亚共和国,愛沙尼亞共和國,愛沙尼亞共和國,爱沙尼亚共和国,爱沙尼亚共和国,愛沙尼亞共和國
Eswatini,SWZ,史瓦帝尼|斯威士兰,斯威士兰,斯威士蘭,斯威士蘭,斯威士兰,斯威士兰,史瓦帝尼,斯威士兰王国,斯威士蘭王國,斯威士蘭王國,斯威士兰王国,斯威士兰王国,史瓦帝尼王國
Ethiopia,ETH,衣索比亚|埃塞|(衣|埃)国,埃塞俄比亚,埃塞俄比亞,埃塞俄比亞,埃塞俄比亚,埃塞俄比亚,衣索比亞,埃塞俄比亚联邦民主共和国,埃塞俄比亞聯邦民主共和國,埃塞俄比亞聯邦民主共和國,埃塞俄比亚联邦民主共和国,埃塞俄比亚联邦民主共和国,衣索比亞聯邦民主共和國
Fiji,FJI,斐济,斐济,斐濟,斐濟,斐济,斐济,斐濟,斐济共和国,斐濟共和國,斐濟共和國,斐济共和国,斐济共和国,斐濟共和國
Finland,FIN,芬兰,芬兰,芬蘭,芬蘭,芬兰,芬兰,芬蘭,芬兰共和国,芬蘭共和國,芬蘭共和國,芬兰共和国,芬兰共和国,芬蘭共和國
France,FRA,法国|法兰西共和国,法国,法國,法國,法国,法国,法國,法兰西共和国,法蘭西共和國,法蘭西共和國,法兰西共和国,法兰西共和国,法蘭西共和國
Gabon,GAB,加(彭|蓬),加蓬,加蓬,加蓬,加蓬,加蓬,加彭,加蓬共和国,加蓬共和國,加蓬共和國,加蓬共和国,加蓬共和国,加彭共和國
Gambia,GMB,(甘|冈)比亚,冈比亚,岡比亞,岡比亞,冈比亚,冈比亚,甘比亞,冈比亚共和国,岡比亞共和國,岡比亞共和國,冈比亚共和国,冈比亚共和国,甘比亞共和國
Georgia,GEO,乔治亚|格鲁吉亚,格鲁吉亚,格魯吉亞,格魯吉亞,格鲁吉亚,格鲁吉亚,喬治亞,格鲁吉亚,格魯吉亞,格魯吉亞,格鲁吉亚,格鲁吉亚,喬治亞
Germany,DEU,德国|德意志联邦共和国,德国,德國,德國,德国,德国,德國,德意志联邦共和国,德意志聯邦共和國,德意志聯邦共和國,德意志联邦共和国,德意志联邦共和国,德意志聯邦共和國
Ghana,GHA,(加|迦)纳,加纳,加納,加納,加纳,加纳,迦納,加纳共和国,加納共和國,加納共和國,加纳共和国,加纳共和国,迦納共和國
Greece,GRC,希腊,希腊,希臘,希臘,希腊,希腊,希臘,希腊共和国,希臘共和國,希臘共和國,希腊共和国,希腊共和国,希臘共和國
Grenada,GRD,格(瑞那|林纳)达,格林纳达,格林納達,格林納達,格林纳达,格林纳达,格瑞那達,格林纳达,格林納達,格林納達,格林纳达,格林纳达,格瑞那達
Guatemala,GTM,(瓜|危)地马拉,危地马拉,危地馬拉,危地馬拉,危地马拉,危地马拉,瓜地馬拉,危地马拉共和国,危地馬拉共和國,危地馬拉共和國,危地马拉共和国,危地马拉共和国,瓜地馬拉共和國
Guinea,GIN,(?<!(赤道?|巴布亚.))(几|畿)内亚(?!比(索|绍)),几内亚,畿內亞,畿內亞,几内亚,几内亚,幾內亞,几内亚共和国,畿內亞共和國,畿內亞共和國,几内亚共和国,几内亚共和国,幾內亞共和國
Guinea-Bissau,GNB,(几|畿)内亚比(索|绍),几内亚比绍,畿內亞比紹,畿內亞比紹,几内亚比绍,几内亚比绍,幾內亞比索,几内亚比绍共和国,畿內亞比紹共和國,畿內亞比紹共和國,几内亚比绍共和国,几内亚比绍共和国,幾內亞比索共和國
Guyana,GUY,(盖|圭)亚那,圭亚那,圭亞那,圭亞那,圭亚那,圭亚那,蓋亞那,圭亚那合作共和国,圭亞那合作共和國,圭亞那合作共和國,圭亚那合作共和国,圭亚那合作共和国,蓋亞那合作共和國
Haiti,HTI,海地,海地,海地,海地,海地,海地,海地,海地共和国,海地共和國,海地共和國,海地共和国,海地共和国,海地共和國
Honduras,HND,(宏|洪)都拉斯,洪都拉斯,洪都拉斯,洪都拉斯,洪都拉斯,洪都拉斯,宏都拉斯,洪都拉斯共和国,洪都拉斯共和國,洪都拉斯共和國,洪都拉斯共和国,洪都拉斯共和国,宏都拉斯共和國
Hungary,HUN,匈牙利,匈牙利,匈牙利,匈牙利,匈牙利,匈牙利,匈牙利,匈牙利,匈牙利,匈牙利,匈牙利,匈牙利,匈牙利
Iceland,ISL,冰岛,冰岛,冰島,冰島,冰岛,冰岛,冰島,冰岛,冰島,冰島,冰岛,冰岛,冰島
India,IND,印度(?!尼西亚),印度,印度,印度,印度,印度,印度,印度共和国,印度共和國,印度共和國,印度共和国,印度共和国,印度共和國
Indonesia,IDN,印尼|印度尼西亚,印度尼西亚,印度尼西亞,印度尼西亞,印度尼西亚,印度尼西亚,印尼,印度尼西亚共和国,印度尼西亞共和國,印度尼西亞共和國,印度尼西亚共和国,印度尼西亚共和国,印尼共和國
Iran,IRN,伊朗,伊朗,伊朗,伊朗,伊朗,伊朗,伊朗,伊朗伊斯兰共和国,伊朗伊斯蘭共和國,伊朗伊斯蘭共和國,伊朗伊斯兰共和国,伊朗伊斯兰共和国,伊朗伊斯蘭共和國
Iraq,IRQ,伊拉克,伊拉克,伊拉克,伊拉克,伊拉克,伊拉克,伊拉克,伊拉克共和国,伊拉克共和國,伊拉克共和國,伊拉克共和国,伊拉克共和国,伊拉克共和國
Ireland,IRL,(?<!北)爱尔兰,爱尔兰,愛爾蘭,愛爾蘭,爱尔兰,爱尔兰,愛爾蘭,爱尔兰,愛爾蘭,愛爾蘭,爱尔兰,爱尔兰,愛爾蘭
Israel,ISR,以色列,以色列,以色列,以色列,以色列,以色列,以色列,以色列国,以色列國,以色列國,以色列国,以色列国,以色列國
Italy,ITA,(义|意)大利,意大利,意大利,意大利,意大利,意大利,義大利,意大利共和国,意大利共和國,意大利共和國,意大利共和国,意大利共和国,義大利共和國
Jamaica,JAM,牙买加,牙买加,牙買加,牙買加,牙买加,牙买加,牙買加,牙买加,牙買加,牙買加,牙买加,牙买加,牙買加
Japan,JPN,日本,日本,日本,日本,日本,日本,日本,日本国,日本國,日本國,日本国,日本国,日本國
Jordan,JOR,约旦,约旦,約旦,約旦,约旦,约旦,約旦,约旦哈希姆王国,約旦哈希姆王國,約旦哈希姆王國,约旦哈希姆王国,约旦哈希姆王国,約旦哈希米王國
Kazakhstan,KAZ,哈萨克,哈萨克斯坦,哈薩克,哈薩克斯坦,哈萨克斯坦,哈萨克斯坦,哈薩克,哈萨克斯坦共和国,哈薩克共和國,哈薩克斯坦共和國,哈萨克斯坦共和国,哈萨克斯坦共和国,哈薩克共和國
Kenya,KEN,肯(亚|雅)|肯尼亚,肯尼亚,肯雅,肯雅,肯尼亚,肯尼亚,肯亞,肯尼亚共和国,肯雅共和國,肯雅共和國,肯尼亚共和国,肯尼亚共和国,肯亞共和國
Kiribati,KIR,(吉|基)里巴斯,基里巴斯,基里巴斯,基里巴斯,基里巴斯,基里巴斯,吉里巴斯,基里巴斯共和国,基里巴斯共和國,基里巴斯共和國,基里巴斯共和国,基里巴斯共和国,吉里巴斯共和國
Kosovo,NA,科索沃,科索沃,科索沃,科索沃,科索沃,科索沃,科索沃,科索沃共和国,科索沃共和國,科索沃共和國,科索沃共和国,科索沃共和国,科索沃共和國
Kuwait,KWT,科威特,科威特,科威特,科威特,科威特,科威特,科威特,科威特国,科威特國,科威特國,科威特国,科威特国,科威特國
Kyrgyzstan,KGZ,吉尔吉斯,吉尔吉斯斯坦,吉爾吉斯,吉爾吉斯,吉尔吉斯斯坦,吉尔吉斯斯坦,吉爾吉斯,吉尔吉斯共和国,吉爾吉斯共和國,吉爾吉斯共和國,吉尔吉斯共和国,吉尔吉斯共和国,吉爾吉斯共和國
Laos,LAO,老挝|寮国|寮人民民主共和国,老挝,老撾,老撾,寮国,寮国,寮國,老挝人民民主共和国,老撾人民民主共和國,老撾人民民主共和國,老挝人民民主共和国,寮人民民主共和国,寮人民民主共和國
Latvia,LVA,拉脱维亚,拉脱维亚,拉脫維亞,拉脫維亞,拉脱维亚,拉脱维亚,拉脫維亞,拉脱维亚,拉脫維亞,拉脫維亞,拉脱维亚,拉脱维亚,拉脫維亞
Lebanon,LBN,黎巴嫩,黎巴嫩,黎巴嫩,黎巴嫩,黎巴嫩,黎巴嫩,黎巴嫩,黎巴嫩共和国,黎巴嫩共和國,黎巴嫩共和國,黎巴嫩共和国,黎巴嫩共和国,黎巴嫩共和國
Lesotho,LSO,(赖|莱)索托,莱索托,賴索托,賴索托,莱索托,莱索托,賴索托,莱索托王国,賴索托王國,賴索托王國,莱索托王国,莱索托王国,賴索托王國
Liberia,LBR,(赖比瑞|利比里)亚,利比里亚,利比里亞,利比里亞,利比里亚,利比里亚,賴比瑞亞,利比里亚共和国,利比里亞共和國,利比里亞共和國,利比里亚共和国,利比里亚共和国,賴比瑞亞共和國
Libya,LBY,利比亚,利比亚,利比亞,利比亞,利比亚,利比亚,利比亞,利比亚国,利比亞國,利比亞國,利比亚国,利比亚国,利比亞國
Liechtenstein,LIE,列支敦(斯|士)登,列支敦士登,列支敦士登,列支敦士登,列支敦士登,列支敦士登,列支敦斯登,列支敦士登亲王国,列支敦士登親王國,列支敦士登親王國,列支敦士登亲王国,列支敦士登亲王国,列支敦斯登親王國
Lithuania,LTU,立陶宛,立陶宛,立陶宛,立陶宛,立陶宛,立陶宛,立陶宛,立陶宛共和国,立陶宛共和國,立陶宛共和國,立陶宛共和国,立陶宛共和国,立陶宛共和國
Luhansk,NA,卢(干|甘)斯克人民共和国,卢甘斯克人民共和国,盧甘斯克人民共和國,盧甘斯克人民共和國,卢甘斯克人民共和国,卢甘斯克人民共和国,盧干斯克人民共和國,卢甘斯克人民共和国,盧甘斯克人民共和國,盧甘斯克人民共和國,卢甘斯克人民共和国,卢甘斯克人民共和国,盧干斯克人民共和國
Luxembourg,LUX,卢森堡,卢森堡,盧森堡,盧森堡,卢森堡,卢森堡,盧森堡,卢森堡大公国,盧森堡大公國,盧森堡大公國,卢森堡大公国,卢森堡大公国,盧森堡大公國
Madagascar,MDG,马(达加斯加|拉加西|尔加什),马达加斯加,馬達加斯加,馬達加斯加,马达加斯加,马达加斯加,馬達加斯加,马达加斯加共和国,馬達加斯加共和國,馬達加斯加共和國,马达加斯加共和国,马达加斯加共和国,馬達加斯加共和國
Malawi,MWI,马拉(威|维),马拉维,馬拉維,馬拉維,马拉维,马拉维,馬拉威,马拉维共和国,馬拉維共和國,馬拉維共和國,马拉维共和国,马拉维共和国,馬拉威共和國
Malaysia,MYS,马来西亚,马来西亚,馬來西亞,馬來西亞,马来西亚,马来西亚,馬來西亞,马来西亚,馬來西亞,馬來西亞,马来西亚,马来西亚,馬來西亞
Maldives,MDV,马尔(代|地)夫,马尔代夫,馬爾代夫,馬爾代夫,马尔代夫,马尔代夫,馬爾地夫,马尔代夫共和国,馬爾代夫共和國,馬爾代夫共和國,马尔代夫共和国,马尔代夫共和国,馬爾地夫共和國
Mali,MLI,(?<!(圣|索))马(利|里),马里,馬里,馬里,马里,马里,馬利,马里共和国,馬里共和國,馬里共和國,马里共和国,马里共和国,馬利共和國
Malta,MLT,马(尔|耳)他,马耳他,馬耳他,馬耳他,马耳他,马耳他,馬爾他,马耳他共和国,馬耳他共和國,馬耳他共和國,马耳他共和国,马耳他共和国,馬爾他共和國
Marshall Islands,MHL,马绍尔,马绍尔群岛,馬紹爾群島,馬紹爾群島,马绍尔群岛,马绍尔群岛,馬紹爾群島,马绍尔群岛共和国,馬紹爾群島共和國,馬紹爾群島共和國,马绍尔群岛共和国,马绍尔群岛共和国,馬紹爾群島共和國
Mauritania,MRT,(茅利|毛里)塔尼亚,毛里塔尼亚,毛里塔尼亞,毛里塔尼亞,毛里塔尼亚,毛里塔尼亚,茅利塔尼亞,毛里塔尼亚伊斯兰共和国,毛里塔尼亞伊斯蘭共和國,毛里塔尼亞伊斯蘭共和國,毛里塔尼亚伊斯兰共和国,毛里塔尼亚伊斯兰共和国,茅利塔尼亞伊斯蘭共和國
Mauritius,MUS,(模|毛)里(西|求|裘)斯,毛里求斯,毛里裘斯,毛里裘斯,毛里求斯,毛里求斯,模里西斯,毛里求斯共和国,毛里裘斯共和國,毛里裘斯共和國,毛里求斯共和国,毛里求斯共和国,模里西斯共和國
Mexico,MEX,墨西哥,墨西哥,墨西哥,墨西哥,墨西哥,墨西哥,墨西哥,墨西哥合众国,墨西哥合眾國,墨西哥合眾國,墨西哥合众国,墨西哥合众国,墨西哥合眾國
Micronesia,FSM,密克罗尼西亚|密联邦,密克罗尼西亚联邦,密克羅尼西亞聯邦,密克羅尼西亞聯邦,密克罗尼西亚联邦,密克罗尼西亚联邦,密克羅尼西亞聯邦,密克罗尼西亚联邦,密克羅尼西亞聯邦,密克羅尼西亞聯邦,密克罗尼西亚联邦,密克罗尼西亚联邦,密克羅尼西亞聯邦
Moldova,MDA,摩尔多瓦,摩尔多瓦,摩爾多瓦,摩爾多瓦,摩尔多瓦,摩尔多瓦,摩爾多瓦,摩尔多瓦共和国,摩爾多瓦共和國,摩爾多瓦共和國,摩尔多瓦共和国,摩尔多瓦共和国,摩爾多瓦共和國
Monaco,MCO,摩纳哥,摩纳哥,摩納哥,摩納哥,摩纳哥,摩纳哥,摩納哥,摩纳哥公国,摩納哥親王國,摩納哥親王國,摩纳哥公国,摩纳哥公国,摩納哥侯國
Mongolia,MNG,蒙古,蒙古国,蒙古國,蒙古國,蒙古国,蒙古国,蒙古國,蒙古国,蒙古國,蒙古國,蒙古国,蒙古国,蒙古國
Montenegro,MNE,黑山|蒙特内哥罗,黑山,黑山,黑山,黑山,黑山,蒙特內哥羅,黑山,黑山,黑山,黑山,黑山,蒙特內哥羅
Morocco,MAR,摩洛哥,摩洛哥,摩洛哥,摩洛哥,摩洛哥,摩洛哥,摩洛哥,摩洛哥王国,摩洛哥王國,摩洛哥王國,摩洛哥王国,摩洛哥王国,摩洛哥王國
Mozambique,MOZ,莫(三|桑)比克,莫桑比克,莫桑比克,莫桑比克,莫桑比克,莫桑比克,莫三比克,莫桑比克共和国,莫桑比克共和國,莫桑比克共和國,莫桑比克共和国,莫桑比克共和国,莫三比克共和國
Myanmar,MMR,缅甸,缅甸,緬甸,緬甸,缅甸,缅甸,緬甸,缅甸联邦共和国,緬甸聯邦共和國,緬甸聯邦共和國,缅甸联邦共和国,缅甸联邦共和国,緬甸聯邦共和國
Namibia,"NAM",纳米比亚,纳米比亚,納米比亞,納米比亞,纳米比亚,纳米比亚,納米比亞,纳米比亚共和国,納米比亞共和國,納米比亞共和國,纳米比亚共和国,纳米比亚共和国,納米比亞共和國
Nauru,NRU,(诺|瑙)鲁,瑙鲁,瑙魯,諾魯,瑙鲁,瑙鲁,諾魯,瑙鲁共和国,瑙魯共和國,瑙魯共和國,瑙鲁共和国,瑙鲁共和国,諾魯共和國
Nepal,NPL,尼泊尔,尼泊尔,尼泊爾,尼泊爾,尼泊尔,尼泊尔,尼泊爾,尼泊尔联邦民主共和国,尼泊爾聯邦民主共和國,尼泊爾聯邦民主共和國,尼泊尔联邦民主共和国,尼泊尔联邦民主共和国,尼泊爾聯邦民主共和國
Netherlands,NLD,荷兰|尼德兰,荷兰,荷蘭,荷蘭,荷兰,荷兰,荷蘭,尼德兰,尼德蘭,尼德蘭,尼德兰,尼德兰,尼德蘭
New Zealand,NZL,(新|纽)西兰,新西兰,紐西蘭,新西蘭,新西兰,新西兰,紐西蘭,新西兰,紐西蘭,新西蘭,新西兰,新西兰,紐西蘭
Nicaragua,NIC,尼加拉瓜,尼加拉瓜,尼加拉瓜,尼加拉瓜,尼加拉瓜,尼加拉瓜,尼加拉瓜,尼加拉瓜共和国,尼加拉瓜共和國,尼加拉瓜共和國,尼加拉瓜共和国,尼加拉瓜共和国,尼加拉瓜共和國
Niger,NER,尼日(?!利亚),尼日尔,尼日爾,尼日爾,尼日尔,尼日尔,尼日,尼日尔共和国,尼日爾共和國,尼日爾共和國,尼日尔共和国,尼日尔共和国,尼日共和國
Nigeria,NGA,(奈及|尼日)利亚,尼日利亚,尼日利亞,尼日利亞,尼日利亚,尼日利亚,奈及利亞,尼日利亚联邦共和国,尼日利亞聯邦共和國,尼日利亞聯邦共和國,尼日利亚联邦共和国,尼日利亚联邦共和国,奈及利亞聯邦共和國
Niue,NIU,纽(埃|威),纽埃,紐埃,紐埃,纽埃,纽埃,紐埃,纽埃,紐埃,紐埃,纽埃,纽埃,紐埃
North Korea,PRK,朝鲜|北韩,朝鲜民主主义人民共和国,朝鮮民主主義人民共和國,朝鮮民主主義人民共和國,朝鲜民主主义人民共和国,朝鲜民主主义人民共和国,朝鮮民主主義人民共和國,朝鲜民主主义人民共和国,朝鮮民主主義人民共和國,朝鮮民主主義人民共和國,朝鲜民主主义人民共和国,朝鲜民主主义人民共和国,朝鮮民主主義人民共和國
North Macedonia,MKD,马其顿,北马其顿,北馬其頓,北馬其頓,北马其顿,北马其顿,北馬其頓,北马其顿共和国,北馬其頓共和國,北馬其頓共和國,北马其顿共和国,北马其顿共和国,北馬其頓共和國
Northern Cyprus,NA,北(赛|塞)(普勒|浦路)斯,北塞浦路斯,北塞浦路斯,北塞浦路斯,北塞浦路斯,北塞浦路斯,北賽普勒斯,北塞浦路斯土耳其共和国,北塞浦路斯土耳其共和國,北塞浦路斯土耳其共和國,北塞浦路斯土耳其共和国,北塞浦路斯土耳其共和国,北賽普勒斯土耳其共和國
Norway,NOR,挪威,挪威,挪威,挪威,挪威,挪威,挪威,挪威王国,挪威王國,挪威王國,挪威王国,挪威王国,挪威王國
Oman,OMN,阿曼,阿曼,阿曼,阿曼,阿曼,阿曼,阿曼,阿曼苏丹国,阿曼蘇丹國,阿曼蘇丹國,阿曼苏丹国,阿曼苏丹国,阿曼蘇丹國
Pakistan,PAK,巴基斯坦,巴基斯坦,巴基斯坦,巴基斯坦,巴基斯坦,巴基斯坦,巴基斯坦,巴基斯坦伊斯兰共和国,巴基斯坦伊斯蘭共和國,巴基斯坦伊斯蘭共和國,巴基斯坦伊斯兰共和国,巴基斯坦伊斯兰共和国,巴基斯坦伊斯蘭共和國
Palau,PLW,帛琉|帕劳,帕劳,帛琉,帛琉,帕劳,帕劳,帛琉,帕劳共和国,帛琉共和國,帛琉共和國,帕劳共和国,帕劳共和国,帛琉共和國
Palestine,PSE,巴勒斯坦,巴勒斯坦国,巴勒斯坦國,巴勒斯坦國,巴勒斯坦国,巴勒斯坦国,巴勒斯坦國,巴勒斯坦国,巴勒斯坦國,巴勒斯坦國,巴勒斯坦国,巴勒斯坦国,巴勒斯坦國
Panama,PAN,巴拿马,巴拿马,巴拿馬,巴拿馬,巴拿马,巴拿马,巴拿馬,巴拿马共和国,巴拿馬共和國,巴拿馬共和國,巴拿马共和国,巴拿马共和国,巴拿馬共和國
Papua New Guinea,PNG,巴布亚(纽|新)(几|畿)内亚|巴(纽|新),巴布亚新几内亚,巴布亞新畿內亞,巴布亞新畿內亞,巴布亚新几内亚,巴布亚新几内亚,巴布亞紐幾內亞,巴布亚新几内亚独立国,巴布亞新畿內亞獨立國,巴布亞新畿內亞獨立國,巴布亚新几内亚独立国,巴布亚新几内亚独立国,巴布亞紐幾內亞獨立國
Paraguay,PRY,巴拉圭,巴拉圭,巴拉圭,巴拉圭,巴拉圭,巴拉圭,巴拉圭,巴拉圭共和国,巴拉圭共和國,巴拉圭共和國,巴拉圭共和国,巴拉圭共和国,巴拉圭共和國
Peru,PER,秘鲁,秘鲁,秘魯,秘魯,秘鲁,秘鲁,秘魯,秘鲁共和国,秘魯共和國,秘魯共和國,秘鲁共和国,秘鲁共和国,秘魯共和國
Philippines,PHL,菲律宾,菲律宾,菲律賓,菲律賓,菲律宾,菲律宾,菲律賓,菲律宾共和国,菲律賓共和國,菲律賓共和國,菲律宾共和国,菲律宾共和国,菲律賓共和國
Poland,POL,波兰,波兰,波蘭,波蘭,波兰,波兰,波蘭,波兰共和国,波蘭共和國,波蘭共和國,波兰共和国,波兰共和国,波蘭共和國
Portugal,PRT,葡萄牙|葡国,葡萄牙,葡萄牙,葡萄牙,葡萄牙,葡萄牙,葡萄牙,葡萄牙共和国,葡萄牙共和國,葡萄牙共和國,葡萄牙共和国,葡萄牙共和国,葡萄牙共和國
Pridnestrovie,NA,聂斯特(河沿岸|里亚)|德涅斯特(河沿岸|里亚),德涅斯特河沿岸,德涅斯特河沿岸,德涅斯特河沿岸,德涅斯特河沿岸,德涅斯特河沿岸,聶斯特河沿岸,德涅斯特河沿岸摩尔达维亚共和国,德涅斯特河沿岸摩爾達維亞共和國,德涅斯特河沿岸摩爾達維亞共和國,德涅斯特河沿岸摩尔达维亚共和国,德涅斯特河沿岸摩尔达维亚共和国,聶斯特河沿岸摩爾達維亞共和國
Qatar,QAT,卡(达|塔),卡塔尔,卡塔爾,卡塔爾,卡塔尔,卡塔尔,卡達,卡塔尔国,卡塔爾國,卡塔爾國,卡塔尔国,卡塔尔国,卡達國
Romania,ROU,罗马尼亚,罗马尼亚,羅馬尼亞,羅馬尼亞,罗马尼亚,罗马尼亚,羅馬尼亞,罗马尼亚,羅馬尼亞,羅馬尼亞,罗马尼亚,罗马尼亚,羅馬尼亞
Russia,RUS,(?<!白)俄罗斯,俄罗斯,俄羅斯,俄羅斯,俄罗斯,俄罗斯,俄羅斯,俄罗斯联邦,俄羅斯聯邦,俄羅斯聯邦,俄罗斯联邦,俄罗斯联邦,俄羅斯聯邦
Rwanda,RWA,卢(安达|旺达),卢旺达,盧旺達,盧旺達,卢旺达,卢旺达,盧安達,卢旺达共和国,盧旺達共和國,盧旺達共和國,卢旺达共和国,卢旺达共和国,盧安達共和國
Saint Christopher and Nevis,KNA,"(?<!多米尼)克国|圣尼|圣克里斯(多福|托弗).{0,2}尼维斯|圣基茨.{0,2}尼维斯|圣吉斯纳域斯",圣基茨和尼维斯,聖基茨和尼維斯,聖基茨和尼維斯,圣基茨和尼维斯,圣基茨和尼维斯,聖克里斯多福及尼維斯,圣基茨和尼维斯联邦,聖基茨和尼維斯聯邦,聖基茨和尼維斯聯邦,圣基茨和尼维斯联邦,圣基茨和尼维斯联邦,聖克里斯多福及尼維斯聯邦
Saint Lucia,LCA,圣(露|卢)西亚,圣卢西亚,聖盧西亞,聖盧西亞,圣卢西亚,圣卢西亚,聖露西亞,圣卢西亚,聖盧西亞,聖盧西亞,圣卢西亚,圣卢西亚,聖露西亞
Saint Vincent and the Grenadines,VCT,圣文森,圣文森特和格林纳丁斯,聖文森特和格林納丁斯,聖文森特和格林納丁斯,圣文森特和格林纳丁斯,圣文森特和格林纳丁斯,聖文森及格瑞那丁,圣文森特和格林纳丁斯,聖文森特和格林納丁斯,聖文森特和格林納丁斯,圣文森特和格林纳丁斯,圣文森特和格林纳丁斯,聖文森及格瑞那丁
Samoa,WSM,萨摩亚,萨摩亚,薩摩亞,薩摩亞,萨摩亚,萨摩亚,薩摩亞,萨摩亚独立国,薩摩亞獨立國,薩摩亞獨立國,萨摩亚独立国,萨摩亚独立国,薩摩亞獨立國
San Marino,SMR,圣马(利|力)诺,圣马力诺,聖馬力諾,聖馬力諾,圣马力诺,圣马力诺,聖馬利諾,最庄严尊贵的圣马力诺共和国,最莊嚴尊貴的聖馬力諾共和國,最莊嚴尊貴的聖馬力諾共和國,最庄严尊贵的圣马力诺共和国,最庄严尊贵的圣马力诺共和国,最莊嚴尊貴的聖馬利諾共和國
São Tomé and Príncipe,STP,"圣多美.{0,2}普林西比|圣普",圣多美和普林西比,聖多美和普林西比,聖多美和普林西比,圣多美和普林西比,圣多美和普林西比,聖多美普林西比,圣多美和普林西比民主共和国,聖多美和普林西比民主共和國,聖多美和普林西比民主共和國,圣多美和普林西比民主共和国,圣多美和普林西比民主共和国,聖多美普林西比民主共和國
Saudi Arabia,SAU,沙(特|地|乌地),沙特阿拉伯,沙特阿拉伯,沙地阿拉伯,沙地阿拉伯,沙特阿拉伯,沙烏地阿拉伯,沙特阿拉伯王国,沙地阿拉伯王國,沙地阿拉伯王國,沙地阿拉伯王国,沙特阿拉伯王国,沙烏地阿拉伯王國
Senegal,SEN,塞内加尔,塞内加尔,塞內加爾,塞內加爾,塞内加尔,塞内加尔,塞內加爾,塞内加尔共和国,塞內加爾共和國,塞內加爾共和國,塞内加尔共和国,塞内加尔共和国,塞內加爾共和國
Serbia,SRB,塞尔维亚,塞尔维亚,塞爾維亞,塞爾維亞,塞尔维亚,塞尔维亚,塞爾維亞,塞尔维亚共和国,塞爾維亞共和國,塞爾維亞共和國,塞尔维亚共和国,塞尔维亚共和国,塞爾維亞共和國
Seychelles,SYC,塞(席|舌)尔,塞舌尔,塞舌爾,塞舌爾,塞舌尔,塞舌尔,塞席爾,塞舌尔共和国,塞舌爾共和國,塞舌爾共和國,塞舌尔共和国,塞舌尔共和国,塞席爾共和國
Sierra Leone,SLE,塞拉利昂|狮子山,塞拉利昂,塞拉利昂,塞拉利昂,塞拉利昂,塞拉利昂,獅子山共和國,塞拉利昂共和国,塞拉利昂共和國,塞拉利昂共和國,塞拉利昂共和国,塞拉利昂共和国,獅子山共和國
Singapore,SGP,(新|星)加坡|狮城|星(国|洲),新加坡,新加坡,新加坡,新加坡,新加坡,新加坡,新加坡共和国,新加坡共和國,新加坡共和國,新加坡共和国,新加坡共和国,新加坡共和國
Slovakia,SVK,斯洛伐克,斯洛伐克,斯洛伐克,斯洛伐克,斯洛伐克,斯洛伐克,斯洛伐克,斯洛伐克共和国,斯洛伐克共和國,斯洛伐克共和國,斯洛伐克共和国,斯洛伐克共和国,斯洛伐克共和國
Slovenia,SVN,斯洛(维|文)尼亚,斯洛文尼亚,斯洛文尼亞,斯洛文尼亞,斯洛文尼亚,斯洛文尼亚,斯洛維尼亞,斯洛文尼亚共和国,斯洛文尼亞共和國,斯洛文尼亞共和國,斯洛文尼亚共和国,斯洛文尼亚共和国,斯洛維尼亞共和國
Solomon Islands,SLB,(索|所)罗门群岛,所罗门群岛,所羅門群島,所羅門群島,所罗门群岛,所罗门群岛,索羅門群島,所罗门群岛,所羅門群島,所羅門群島,所罗门群岛,所罗门群岛,索羅門群島
Somalia,SOM,索马(利|里)(?!兰),索马里,索馬里,索馬里,索马里,索马里,索馬利亞,索马里联邦共和国,索馬里聯邦共和國,索馬里聯邦共和國,索马里联邦共和国,索马里联邦共和国,索馬利亞聯邦共和國
Somaliland,NA,索马(利|里)兰,索马里兰,索馬里蘭,索馬里蘭,索马里兰,索马里兰,索馬利蘭,索马里兰共和国,索馬里蘭共和國,索馬里蘭共和國,索马里兰共和国,索马里兰共和国,索馬利蘭共和國
South Africa,ZAF,南非,南非,南非,南非,南非,南非,南非,南非共和国,南非共和國,南非共和國,南非共和国,南非共和国,南非共和國
South Korea,KOR,大韩民国|韩国|南韩,大韩民国,大韓民國,大韓民國,大韩民国,大韩民国,大韓民國,大韩民国,大韓民國,大韓民國,大韩民国,大韩民国,大韓民國
South Ossetia,NA,南奥塞(提亚|梯),南奥塞梯,南奧塞梯,南奧塞梯,南奥塞梯,南奥塞梯,南奧塞提亞,南奥塞梯共和国,南奧塞梯共和國,南奧塞梯共和國,南奥塞梯共和国,南奥塞梯共和国,南奧塞提亞共和國
South Sudan,SSD,南苏丹,南苏丹,南蘇丹,南蘇丹,南苏丹,南苏丹,南蘇丹,南苏丹共和国,南蘇丹共和國,南蘇丹共和國,南苏丹共和国,南苏丹共和国,南蘇丹共和國
Spain,ESP,西班牙|(日斯|以西)(巴|把)(尼|你)亚,西班牙,西班牙,西班牙,西班牙,西班牙,西班牙,西班牙王国,西班牙王國,西班牙王國,西班牙王国,西班牙王国,西班牙王國
Sri Lanka,LKA,斯里兰卡|锡兰,斯里兰卡,斯里蘭卡,斯里蘭卡,斯里兰卡,斯里兰卡,斯里蘭卡,斯里兰卡民主社会主义共和国,斯里蘭卡民主社會主義共和國,斯里蘭卡民主社會主義共和國,斯里兰卡民主社会主义共和国,斯里兰卡民主社会主义共和国,斯里蘭卡民主社會主義共和國
Sudan,SDN,(?<!(阿曼|南))苏丹,苏丹,蘇丹,蘇丹,苏丹,苏丹,蘇丹,苏丹共和国,蘇丹共和國,蘇丹共和國,苏丹共和国,苏丹共和国,蘇丹共和國
Suriname,SUR,苏(利|里)南,苏里南,蘇里南,蘇里南,苏里南,苏里南,蘇利南,苏里南共和国,蘇里南共和國,蘇里南共和國,苏里南共和国,苏里南共和国,蘇利南共和國
Sweden,SWE,瑞典,瑞典,瑞典,瑞典,瑞典,瑞典,瑞典,瑞典王国,瑞典王國,瑞典王國,瑞典王国,瑞典王国,瑞典王國
Switzerland,CHE,瑞士,瑞士,瑞士,瑞士,瑞士,瑞士,瑞士,瑞士联邦,瑞士聯邦,瑞士聯邦,瑞士联邦,瑞士联邦,瑞士聯邦
Syria,SYR,叙利亚,叙利亚,敘利亞,敘利亞,叙利亚,叙利亚,敘利亞,阿拉伯叙利亚共和国,阿拉伯叙利亚共和國,阿拉伯叙利亚共和國,阿拉伯叙利亚共和国,阿拉伯叙利亚共和国,阿拉伯叙利亚共和國
Taiwan,TWN,台湾|中华民国,中华民国,中華民國,中華民國,中华民国,中华民国,中華民國,中华民国,中華民國,中華民國,中华民国,中华民国,中華民國
Tajikistan,TJK,塔吉克,塔吉克斯坦,塔吉克,塔吉克,塔吉克斯坦,塔吉克斯坦,塔吉克,塔吉克斯坦共和国,塔吉克共和國,塔吉克共和國,塔吉克斯坦共和国,塔吉克斯坦共和国,塔吉克共和國
Tanzania,TZA,坦(尚|桑)尼亚,坦桑尼亚,坦桑尼亞,坦桑尼亞,坦桑尼亚,坦桑尼亚,坦尚尼亞,坦桑尼亚联合共和国,坦桑尼亞聯合共和國,坦桑尼亞聯合共和國,坦桑尼亚联合共和国,坦桑尼亚联合共和国,坦尚尼亞聯合共和國
Thailand,THA,泰王?国|暹罗,泰国,泰國,泰國,泰国,泰国,泰國,泰王国,泰王國,泰王國,泰王国,泰王国,泰王國
Timor-Leste,TLS,东帝汶,东帝汶,東帝汶,東帝汶,东帝汶,东帝汶,東帝汶,东帝汶民主共和国,東帝汶民主共和國,東帝汶民主共和國,东帝汶民主共和国,东帝汶民主共和国,東帝汶民主共和國
Togo,TGO,多哥,多哥,多哥,多哥,多哥,多哥,多哥,多哥共和国,多哥共和國,多哥共和國,多哥共和国,多哥共和国,多哥共和國
Tonga,TON,(东|汤)加,汤加,湯加,湯加,汤加,汤加,東加,汤加王国,湯加王國,湯加王國,汤加王国,汤加王国,東加王國
Trinidad and Tobago,TTO,(千里|特立尼)达|特多,特立尼达和多巴哥,千里達及多巴哥,千里達及多巴哥,特立尼达和多巴哥,特立尼达和多巴哥,千里達及托巴哥,特立尼达和多巴哥共和国,千里達及多巴哥共和國,千里達及多巴哥共和國,特立尼达和多巴哥共和国,特立尼达和多巴哥共和国,千里達及托巴哥共和國
Tunisia,TUN,突尼(西亚|斯),突尼斯,突尼西亞,突尼西亞,突尼西亚,突尼斯,突尼西亞,突尼斯共和国,突尼西亞共和國,突尼西亞共和國,突尼西亚共和国,突尼斯共和国,突尼西亞共和國
Turkey,TUR,"(?<!北(赛|塞)(普|浦).{0,5})土耳其",土耳其,土耳其,土耳其,土耳其,土耳其,土耳其,土耳其共和国,土耳其共和國,土耳其共和國,土耳其共和国,土耳其共和国,土耳其共和國
Turkmenistan,TKM,土库曼,土库曼斯坦,土庫曼,土庫曼,土库曼斯坦,土库曼斯坦,土庫曼,土库曼斯坦,土庫曼,土庫曼,土库曼斯坦,土库曼斯坦,土庫曼
Tuvalu,TUV,(吐|图)瓦(鲁|卢),图瓦卢,圖瓦盧,圖瓦盧,图瓦卢,图瓦卢,吐瓦魯,图瓦卢,圖瓦盧,圖瓦盧,图瓦卢,图瓦卢,吐瓦魯
Uganda,UGA,乌干达,乌干达,烏干達,烏干達,乌干达,乌干达,烏干達,乌干达共和国,烏干達共和國,烏干達共和國,乌干达共和国,乌干达共和国,烏干達共和國
Ukraine,UKR,乌克兰,乌克兰,烏克蘭,烏克蘭,乌克兰,乌克兰,烏克蘭,乌克兰,烏克蘭,烏克蘭,乌克兰,乌克兰,烏克蘭
United Arab Emirates,ARE,阿联|阿拉伯联合,阿拉伯联合酋长国,阿拉伯聯合酋長國,阿拉伯聯合酋長國,阿拉伯联合酋长国,阿拉伯联合酋长国,阿拉伯聯合大公國,阿拉伯联合酋长国,阿拉伯聯合酋長國,阿拉伯聯合酋長國,阿拉伯联合酋长国,阿拉伯联合酋长国,阿拉伯聯合大公國
United Kingdom,GBR,英国|联合王国|不列颠,英国,英國,英國,英国,英国,英國,大不列颠及北爱尔兰联合王国,大不列顛及北愛爾蘭聯合王國,大不列顛及北愛爾蘭聯合王國,大不列颠及北爱尔兰联合王国,大不列颠及北爱尔兰联合王国,大不列顛暨北愛爾蘭聯合王國
United States,USA,美国|美利坚合众国,美国,美國,美國,美国,美国,美國,美利坚合众国,美利堅合眾國,美利堅合眾國,美利坚合众国,美利坚合众国,美利堅合眾國
Uruguay,URY,乌拉圭,乌拉圭,烏拉圭,烏拉圭,乌拉圭,乌拉圭,烏拉圭,乌拉圭东岸共和国,烏拉圭東岸共和國,烏拉圭東岸共和國,乌拉圭东岸共和国,乌拉圭东岸共和国,烏拉圭東岸共和國
Uzbekistan,UZB,乌兹别克,乌兹别克斯坦,烏茲別克,烏茲別克斯坦,乌兹别克斯坦,乌兹别克斯坦,烏茲別克,乌兹别克斯坦共和国,烏茲別克共和國,烏茲別克斯坦共和國,乌兹别克斯坦共和国,乌兹别克斯坦共和国,烏茲別克共和國
Vanuatu,VUT,万那杜|瓦努阿图,瓦努阿图,瓦努阿圖,瓦努阿圖,瓦努阿图,瓦努阿图,萬那杜,瓦努阿图共和国,瓦努阿圖共和國,瓦努阿圖共和國,瓦努阿图共和国,瓦努阿图共和国,萬那杜共和國
Vatican City,VAT,梵(蒂|谛)冈,梵蒂冈,梵蒂岡,梵蒂岡,梵蒂冈,梵蒂冈,梵蒂岡,梵蒂冈城国,梵蒂岡城國,梵蒂岡城國,梵蒂冈城国,梵蒂冈城国,梵蒂岡城國
Venezuela,VEN,委内瑞拉,委内瑞拉,委內瑞拉,委內瑞拉,委内瑞拉,委内瑞拉,委內瑞拉,委内瑞拉玻利瓦尔共和国,委內瑞拉玻利瓦爾共和國,委內瑞拉玻利瓦爾共和國,委内瑞拉玻利瓦尔共和国,委内瑞拉玻利瓦尔共和国,委內瑞拉玻利瓦共和國
Vietnam,VNM,越南,越南,越南,越南,越南,越南,越南,越南社会主义共和国,越南社會主義共和國,越南社會主義共和國,越南社会主义共和国,越南社会主义共和国,越南社會主義共和國
Western Sahara,ESH,西撒哈拉|撒哈?拉.*民主共和国,阿拉伯撒哈拉民主共和国,阿拉伯撒哈拉民主共和國,阿拉伯撒哈拉民主共和國,撒拉威阿拉伯民主共和国,撒拉威阿拉伯民主共和国,撒拉威阿拉伯民主共和國,阿拉伯撒哈拉民主共和国,阿拉伯撒哈拉民主共和國,阿拉伯撒哈拉民主共和國,撒拉威阿拉伯民主共和国,撒拉威阿拉伯民主共和国,撒拉威阿拉伯民主共和國
Yemen,YEM,(也|叶)门,也门,也門,也門,也门,也门,葉門,也门共和国,也門共和國,也門共和國,也门共和国,也门共和国,葉門共和國
Zambia,ZMB,(尚|赞)比亚,赞比亚,贊比亞,贊比亞,赞比亚,赞比亚,尚比亞,赞比亚共和国,贊比亞共和國,贊比亞共和國,赞比亚共和国,赞比亚共和国,尚比亞共和國
Zimbabwe,ZWE,辛巴威|津巴布韦,津巴布韦,津巴布韋,津巴布韋,津巴布韦,津巴布韦,辛巴威,津巴布韦共和国,津巴布韋共和國,津巴布韋共和國,津巴布韦共和国,津巴布韦共和国,辛巴威共和國
